Date,TempA,TempB,TempC,TempD,pHA,pHB,pHC,pHD,ECA,ECB,ECC,ECD,DOA,DOB,DOC,DOD,BODA,BODB,BODC,BODD,TNA,TNB,TNC,TND
12/15/2021,21.5,21.2,21.3,21.4,7.73,8.12,7.91,8.48,1748,1679,1577,1695,2.55,2.62,2.6,2.59,27.96,27.7,27.88,27.93,1.28,1.25,1.26,1.27
12/16/2021,21.21,21.1,21.04,20.75,7.82,8.08,7.99,8.44,1765,1690,1648,1773,2.6,2.68,2.75,2.64,27.9,27.62,27.51,27.86,1.08,1.2,1.18,1.19
12/17/2021,21.21,20.94,21.16,21.17,7.73,8.06,8.12,8.45,1769,1680,1580,1737,2.59,2.67,2.72,2.61,27.88,27.25,27.46,27.71,1.17,1.24,1.2,1.23
12/18/2021,21.26,20.94,21.27,21.2,7.82,8.09,7.94,8.36,1776,1697,1579,1743,2.63,2.65,2.73,2.67,27.66,27.32,27.2,27.15,1.15,1.22,1.12,1.12
12/19/2021,21.09,21.19,20.51,20.81,7.76,8.11,8,8.48,1822,1692,1643,1787,2.6,2.69,2.7,2.68,27.71,27.32,26.76,27.19,1.22,1.18,1.12,1.13
12/20/2021,21.21,20.87,21.27,21.22,7.8,8.11,8.07,8.44,1830,1686,1583,1768,2.57,2.68,2.64,2.62,27.63,27.34,26.82,27.06,1.09,1.2,1.11,1.11
12/21/2021,21.45,20.95,20.89,21.14,7.78,8.08,7.92,8.41,1830,1696,1645,1733,2.56,2.64,2.69,2.68,27.75,27.54,27.39,27.06,1.22,1.1,1.1,1.24
12/22/2021,21.23,21.05,20.59,21.22,7.79,8.09,7.97,8.38,1748,1687,1596,1770,2.62,2.7,2.77,2.61,27.87,27.68,27.8,27.28,1.15,1.22,1.16,1.11
12/23/2021,21.02,21.05,20.65,21.2,7.74,8.06,8.06,8.47,1818,1682,1595,1737,2.6,2.67,2.74,2.66,27.66,27.23,26.6,27.51,1.23,1.24,1.26,1.24
12/24/2021,21.25,20.91,20.56,20.87,7.75,8.07,8.11,8.41,1793,1696,1599,1752,2.64,2.67,2.74,2.69,27.71,27.5,27.29,27.37,1.06,1.19,1.11,1.14
12/25/2021,21.33,21.02,21.25,21.12,7.75,8.11,8.03,8.45,1819,1686,1598,1766,2.56,2.64,2.73,2.65,27.68,27.47,26.82,27.52,1.13,1.13,1.1,1.14
12/26/2021,21.07,20.97,20.85,20.95,7.76,8.11,7.97,8.45,1798,1690,1590,1781,2.62,2.64,2.66,2.7,27.82,27.48,26.98,27.76,1.08,1.1,1.08,1.16
12/27/2021,21.48,20.9,20.59,20.77,7.75,8.1,7.97,8.47,1792,1689,1603,1711,2.61,2.67,2.69,2.61,27.7,27.45,26.55,27.55,1.18,1.17,1.23,1.27
12/28/2021,21.46,20.83,21.27,21.12,7.77,8.11,8.08,8.36,1803,1695,1625,1735,2.63,2.69,2.77,2.64,27.79,27.45,26.97,27.16,1.14,1.25,1.13,1.14
12/29/2021,21.17,20.94,21.21,21.26,7.76,8.06,8.02,8.48,1792,1692,1618,1769,2.64,2.66,2.65,2.63,27.92,27.32,26.91,27.34,1.07,1.23,1.15,1.21
12/30/2021,21,20.8,20.5,20.7,7.82,8.06,8.12,8.35,1832,1701,1652,1789,2.65,2.7,2.77,2.71,27.59,27.21,26.48,27,1.06,1.1,1.08,1.11
12/31/2021,20.89,20.56,20.36,20.68,7.84,8.04,8.24,8.39,1923,1951,1799,1866,2.67,2.7,2.77,2.81,26.8,26.2,26.12,26.39,1.01,0.97,0.82,0.89
1/1/2022,20.55,20.45,20.44,20.55,7.9,8.04,8.29,8.37,1957,1984,1749,1791,2.75,2.74,2.8,2.82,27.38,26.96,25.68,25.85,1.03,1,0.9,0.85
1/2/2022,20.84,20.24,20.4,20.3,7.85,8.04,8.27,8.38,1954,1903,1721,1790,2.67,2.72,2.77,2.75,27.27,26.18,25.83,25.66,0.94,0.95,0.86,0.84
1/3/2022,20.95,20.32,20.33,20.69,7.86,8.05,8.15,8.36,1990,1959,1689,1913,2.69,2.72,2.78,2.83,26.55,26.54,26.06,26.57,0.86,1.04,0.86,0.94
1/4/2022,20.73,20.28,20.37,20.28,7.92,8.06,8.13,8.39,1951,1884,1663,1812,2.75,2.73,2.81,2.73,26.62,26.28,25.76,25.94,0.8,0.8,0.99,0.99
1/5/2022,20.77,20.32,20.32,20.6,7.88,8.04,8.15,8.39,1887,1801,1773,1845,2.75,2.78,2.8,2.84,27.32,25.23,25.85,26.89,0.83,0.85,1.04,0.88
1/6/2022,20.71,20.35,20.48,20.33,7.94,8.05,8.22,8.38,2009,1864,1800,1832,2.75,2.83,2.83,2.83,26.51,26.25,26.37,25.11,0.9,0.88,0.88,1.11
1/7/2022,20.83,20.23,20.46,20.36,7.9,8.05,8.13,8.36,1871,1723,1812,1920,2.67,2.73,2.81,2.78,27.48,27.07,26.01,25.31,0.81,0.96,0.81,0.94
1/8/2022,20.78,20.79,20.49,20.33,7.83,8.04,8.24,8.36,1953,1895,1858,1797,2.67,2.71,2.78,2.83,26.67,26.91,26,25.8,0.9,0.79,0.93,1.06
1/9/2022,20.95,20.77,20.5,20.44,7.94,8.06,8.13,8.39,1986,1816,1852,1812,2.71,2.71,2.79,2.84,26.78,26.18,26,25.46,0.77,0.86,0.83,0.79
1/10/2022,20.65,20.27,20.43,20.29,7.89,8.05,8.19,8.39,1904,1771,1831,1807,2.76,2.77,2.79,2.81,27.44,25.85,26.31,26.22,0.93,1.04,0.8,1.02
1/11/2022,20.72,20.38,20.39,20.34,7.85,8.06,8.21,8.39,2004,1734,1716,1873,2.72,2.78,2.79,2.75,27.41,25.63,25.81,26.64,0.98,0.91,1,0.98
1/12/2022,20.81,20.72,20.43,20.43,7.93,8.04,8.25,8.37,1839,1757,1789,1889,2.68,2.76,2.81,2.72,27.39,25.36,25.89,26.44,1.04,1.01,1.05,0.93
1/13/2022,20.67,20.48,20.44,20.63,7.85,8.05,8.22,8.37,2027,1708,1683,1820,2.72,2.78,2.78,2.84,27.2,26.37,26.22,25.88,0.97,1.07,1.07,1.07
1/14/2022,20.98,20.78,20.42,20.47,7.83,8.05,8.18,8.39,1900,1721,1755,1850,2.73,2.82,2.82,2.73,26.89,26.29,26.08,25.19,0.91,1.01,0.87,1
1/15/2022,20.5,20.2,20.3,20.2,7.95,8.04,8.29,8.4,2049,2007,1883,1921,2.77,2.84,2.83,2.85,26.48,25.17,25.56,25,0.76,0.75,0.79,0.77
1/16/2022,20.36,20.04,20.16,20.11,8.11,8.07,8.27,8.42,2079,2058,1885,1970,2.82,2.85,2.84,2.86,26.47,24.48,25.09,24.9,0.76,0.75,0.84,0.81
1/17/2022,20.47,20.1,20.3,19.91,8.11,8.1,8.26,8.4,2075,2031,1921,1964,2.81,2.86,2.86,2.86,26.27,25.11,24.29,24.79,0.89,0.78,0.79,0.79
1/18/2022,20.43,20.15,20.19,20.03,8.13,8.07,8.24,8.41,2066,2105,1916,1928,2.8,2.84,2.84,2.86,25.99,24.28,25.27,24.94,0.82,0.9,0.94,0.9
1/19/2022,20.38,20.1,20.13,20.09,7.97,8.1,8.28,8.41,2087,2109,2009,1959,2.77,2.85,2.85,2.87,26.24,24.91,24.32,24.94,0.89,0.87,0.88,0.79
1/20/2022,20.38,20.14,20.24,20.03,8.12,8.06,8.26,8.42,2099,2031,1901,1989,2.78,2.84,2.84,2.86,25.85,25.15,25.25,24.9,0.93,0.91,0.93,0.91
1/21/2022,20.46,20.19,20.11,20.09,7.98,8.08,8.24,8.42,2103,2105,1903,2015,2.77,2.85,2.85,2.86,25.77,24.75,25.3,24.86,0.91,0.89,0.92,0.87
1/22/2022,20.41,20.09,20.16,20.01,8.03,8.11,8.24,8.41,2074,2152,1914,1983,2.83,2.87,2.83,2.86,26.06,24.23,25.27,24.85,0.91,0.8,0.89,0.85
1/23/2022,20.48,20.1,20.24,20.17,8.14,8.05,8.24,8.42,2093,2153,1994,1923,2.77,2.86,2.86,2.87,25.87,24.56,24.64,24.87,0.82,0.83,0.81,0.9
1/24/2022,20.35,20.11,20.14,19.95,7.98,8.09,8.24,8.4,2057,2135,1936,1976,2.82,2.86,2.83,2.87,26.16,24.93,24.32,24.91,0.95,0.85,0.93,0.83
1/25/2022,20.34,20.15,20.14,20.1,8.11,8.07,8.28,8.42,2068,2012,1965,1938,2.79,2.85,2.84,2.89,26.07,23.94,25.45,24.86,0.83,0.84,0.8,0.83
1/26/2022,20.39,20.05,20.17,20.17,8.1,8.09,8.23,8.41,2098,2014,1923,1986,2.82,2.86,2.83,2.88,26.44,24.43,24.81,24.81,0.94,0.79,0.88,0.82
1/27/2022,20.39,20.04,20.23,19.97,7.96,8.08,8.29,8.42,2067,2091,1929,1958,2.82,2.85,2.84,2.89,26.07,25.02,24.83,24.92,0.77,0.9,0.83,0.82
1/28/2022,20.3,20.07,20.18,20.1,8.04,8.05,8.24,8.41,2068,2111,1976,1955,2.78,2.86,2.85,2.87,25.76,24.3,24.19,24.9,0.92,0.87,0.91,0.82
1/29/2022,20.34,20.17,20.29,20.17,8,8.09,8.27,8.42,2079,2067,1956,1935,2.78,2.86,2.85,2.89,26.32,24.99,25.39,24.94,0.8,0.82,0.91,0.88
1/30/2022,20.3,20,20.1,19.9,8.17,8.11,8.22,8.43,2105,2168,2029,2019,2.83,2.87,2.86,2.89,25.55,23.86,24.1,24.79,0.95,0.93,0.94,0.94
1/31/2022,20.92,20.5,20.72,20.69,8.2,8.16,8.22,8.46,2089,1882,1970,1948,2.82,2.82,2.77,2.72,25.74,25.52,25.78,24.87,0.97,0.95,1.05,0.96
2/1/2022,20.95,20.31,20.63,20.63,8.2,8.12,8.24,8.45,1891,1806,1869,2005,2.69,2.84,2.85,2.71,26.86,25.71,26.33,26.52,0.96,0.93,1.04,0.96
2/2/2022,20.78,20.6,20.64,20.22,8.19,8.16,8.24,8.47,1904,1941,2003,1954,2.73,2.78,2.64,2.69,27.04,24.73,26.17,27.21,1.01,0.95,1,1.04
2/3/2022,20.56,20.48,20.97,20.24,8.19,8.14,8.23,8.46,1890,1935,1902,1872,2.79,2.76,2.75,2.82,26.68,24.4,26.82,24.82,1.04,0.97,1.09,0.96
2/4/2022,20.71,20.05,20.89,20.3,8.21,8.14,8.23,8.46,2030,2100,1920,1823,2.78,2.85,2.71,2.8,25.62,25.01,24.22,27.4,0.96,0.93,1.03,1.05
2/5/2022,20.4,20.09,21.03,20.12,8.18,8.16,8.25,8.46,1946,1928,1934,2005,2.67,2.86,2.79,2.73,25.62,25.74,24.89,26.52,0.96,0.99,1.04,0.98
2/6/2022,20.38,20.21,20.52,20.86,8.18,8.13,8.22,8.46,1906,2067,1772,1849,2.76,2.86,2.71,2.79,27.54,26.57,24.74,26.97,0.99,0.95,0.95,1.03
2/7/2022,20.46,20.26,20.44,20.74,8.2,8.16,8.23,8.45,2007,2116,1894,1930,2.7,2.81,2.7,2.89,26.22,24.84,25.95,26.92,0.98,0.94,0.96,0.95
2/8/2022,20.66,20.3,20.49,20.25,8.25,8.13,8.24,8.49,2024,2075,1852,1981,2.73,2.76,2.71,2.82,27.15,25.26,25.33,27.13,0.97,0.96,0.97,1.05
2/9/2022,20.96,20.27,20.98,20.83,8.24,8.17,8.23,8.44,1885,2012,1934,1975,2.7,2.84,2.74,2.78,26,26.02,25.25,25.14,1.02,0.97,1,1
2/10/2022,20.36,20.43,20.53,20.63,8.2,8.13,8.25,8.46,2083,2029,1885,1956,2.69,2.8,2.83,2.83,25.91,25.54,25.63,25.52,1,0.95,0.99,1.05
2/11/2022,20.8,20.09,20.89,20.82,8.2,8.14,8.23,8.43,1920,1983,1802,1876,2.67,2.87,2.74,2.75,25.96,24.83,24.92,26.13,1.04,0.97,1.02,1.09
2/12/2022,20.93,20.02,20.75,19.96,8.26,8.16,8.25,8.46,1897,2104,1829,1999,2.71,2.8,2.8,2.74,26.21,27.04,24.78,25.42,1.02,0.96,1.04,0.95
2/13/2022,20.32,20.44,21.07,20.34,8.19,8.14,8.23,8.45,1981,1847,1999,1930,2.68,2.85,2.65,2.88,26.13,24.43,24.23,25.41,1.01,0.98,1.01,1.01
2/14/2022,20.32,20.3,20.64,19.9,8.2,8.13,8.22,8.46,1914,2093,1769,1961,2.7,2.82,2.66,2.81,27.34,24.63,25.39,27.45,0.97,0.93,1.05,1.06
2/15/2022,21,20.6,21.1,20.9,8.26,8.17,8.25,8.49,1855,1785,1756,1795,2.65,2.75,2.63,2.68,27.59,27.14,27.61,27.74,1.05,1,1.09,1.1
2/16/2022,21.25,21.14,21.62,21.27,8.46,8.21,8.31,8.52,1849,1754,1747,1788,2.63,2.65,2.59,2.6,27.81,27.51,27.64,27.75,1.11,1.25,1.11,1.11
2/17/2022,21.53,21.92,21.44,21.31,8.46,8.23,8.31,8.5,1811,1775,1742,1760,2.58,2.68,2.62,2.56,27.84,28.02,27.87,27.92,1.27,1.18,1.13,1.11
2/18/2022,21.19,21.64,21.66,21.44,8.3,8.23,8.31,8.52,1844,1766,1735,1765,2.53,2.67,2.59,2.66,27.86,27.87,27.76,27.82,1.08,1.07,1.16,1.18
2/19/2022,21.52,20.83,21.22,21.16,8.29,8.26,8.25,8.51,1834,1782,1746,1779,2.51,2.47,2.54,2.6,27.84,27.21,27.88,27.84,1.17,1.31,1.15,1.17
2/20/2022,21.24,21.15,21.49,21.29,8.46,8.32,8.25,8.54,1834,1752,1742,1766,2.62,2.46,2.54,2.61,27.71,27.41,27.76,27.76,1.1,1.27,1.19,1.24
2/21/2022,21.34,21.97,21.65,20.97,8.34,8.28,8.28,8.5,1852,1768,1752,1768,2.65,2.62,2.55,2.66,27.71,27.41,27.73,27.95,1.27,1.05,1.12,1.17
2/22/2022,21.09,21.77,21.42,21.07,8.47,8.19,8.32,8.51,1845,1782,1747,1766,2.6,2.46,2.58,2.61,27.62,27.19,27.93,27.87,1.22,1.1,1.1,1.12
2/23/2022,21.03,21.3,21.38,21.43,8.28,8.27,8.31,8.52,1840,1768,1754,1777,2.62,2.71,2.61,2.55,28,27.34,27.67,27.89,1.16,1,1.2,1.14
2/24/2022,21.67,21.46,21.58,21.25,8.35,8.22,8.32,8.5,1836,1771,1743,1771,2.51,2.64,2.54,2.58,27.78,27.42,27.71,28.01,1.12,1.23,1.13,1.12
2/25/2022,21.12,21.53,21.34,21.34,8.35,8.28,8.31,8.53,1833,1749,1738,1780,2.52,2.62,2.58,2.68,27.96,27.34,27.81,28.07,1.06,1.25,1.09,1.22
2/26/2022,21.29,20.67,21.37,21.01,8.47,8.23,8.27,8.56,1843,1757,1756,1790,2.64,2.5,2.54,2.61,27.66,27.73,27.78,28.04,1.19,1.26,1.12,1.11
2/27/2022,21.68,21.25,21.46,21.01,8.42,8.27,8.32,8.51,1814,1751,1755,1771,2.54,2.73,2.54,2.62,27.71,28.07,27.91,27.76,1.07,1.22,1.09,1.2
2/28/2022,21.8,22,21.7,21.5,8.49,8.33,8.32,8.56,1809,1746,1733,1759,2.5,2.45,2.53,2.54,28.13,28.49,28,28.09,1.29,1.35,1.22,1.25
3/1/2022,23.51,22.29,21.86,23.93,8.13,8.15,8.15,8.27,1805,1744,1723,1750,2.42,2.07,2.45,2.2,30.27,28.51,30.13,29.97,1.79,1.53,1.7,1.56
3/2/2022,22.55,22.37,22.48,24.61,8.48,8.21,8.13,8.53,1797,1741,1702,1739,2.18,2.24,2.38,2.54,31.51,29.24,29.03,28.42,1.58,1.61,1.31,1.49
3/3/2022,21.86,23.88,24.64,22.93,8.37,8.25,8.2,8.5,1800,1705,1711,1736,2.34,2.34,2.13,2.08,31.38,28.67,29.43,29.34,1.9,1.71,1.39,1.62
3/4/2022,24.44,24.42,24.28,23.88,8.42,8.24,8.2,8.27,1805,1737,1713,1750,2.12,2.11,2.24,2.05,31.03,28.65,28.87,28.48,1.3,1.37,1.42,1.27
3/5/2022,23.3,24.16,22.72,23.19,8.06,8,8.16,8.43,1800,1732,1707,1742,2.28,2.15,2.26,2.23,29.35,29.24,29.15,29.89,1.68,1.59,1.67,1.44
3/6/2022,22.61,23.88,22.07,22.16,8.14,8.27,8.21,8.18,1804,1726,1725,1729,2.34,2.37,2.36,2.47,29.6,29.71,29.42,28.17,1.77,1.51,1.29,1.28
3/7/2022,24.67,23.49,22.61,23.23,8.27,8.08,8.15,8.31,1800,1746,1715,1737,2.34,2.08,2.46,2.04,30.14,29.77,28.82,30.02,1.51,1.49,1.36,1.42
3/8/2022,23.96,22.81,22.45,23.48,8.31,8.23,8.18,8.52,1807,1720,1711,1734,2.02,2.42,2.18,2.11,30.9,28.5,28.75,29.14,1.94,1.36,1.58,1.53
3/9/2022,23.82,23.02,23.16,23.2,8.43,8.06,8.16,8.4,1799,1711,1723,1734,2.05,2.34,2.35,2.3,29.8,29.78,30.25,28.42,1.37,1.38,1.62,1.35
3/10/2022,23.11,22.73,24.16,24.34,8.22,8.06,8.15,8.46,1797,1737,1728,1743,2.21,2.36,2.4,2.16,29.32,29.49,29.67,29.38,1.31,1.41,1.6,1.59
3/11/2022,22.52,23.88,23.43,24.14,8.13,8.28,8.15,8.24,1802,1709,1714,1728,2.44,2.24,2.22,2.48,29.33,28.88,28.78,29.64,1.85,1.43,1.24,1.36
3/12/2022,23.49,23.48,23.87,23.36,8.03,8.03,8.19,8.28,1807,1708,1708,1747,2.1,2.27,2.21,2.08,28.32,29.97,29.37,29.62,1.38,1.61,1.28,1.26
3/13/2022,22.76,23.71,22.07,23.48,8.19,8.07,8.21,8.34,1797,1728,1732,1740,2.03,2.11,2.45,2.5,28.22,29.96,30.15,28.31,1.82,1.36,1.45,1.37
3/14/2022,22.53,22.13,22.45,21.81,8.4,8.12,8.22,8.34,1808,1720,1707,1739,2.23,2.18,2.06,2.12,31.15,29.3,28.64,28.64,1.94,1.61,1.29,1.51
3/15/2022,24.9,24.6,24.8,24.7,8.02,7.98,8.1,8.17,1796,1704,1699,1726,2,2.06,2.03,2.03,31.52,30,30.25,30.14,1.95,1.72,1.7,1.63
3/16/2022,26.05,25.23,25.8,25.85,7.95,7.73,8.09,8,1798,1740,1761,1770,1.9,2.01,1.97,1.91,31.71,30.76,30.57,30.54,2.01,1.89,1.84,1.74
3/17/2022,26.28,26.51,25.43,26.83,7.38,7.73,8.09,7.87,1801,1741,1779,1746,1.89,1.7,1.78,1.79,32.24,30.77,31.91,32.24,2.02,1.79,1.75,1.87
3/18/2022,25.43,26.45,25.93,24.89,7.37,7.75,8.06,7.94,1796,1745,1717,1798,1.9,2.01,1.84,1.95,31.7,31.91,31.87,31.67,2.03,1.93,1.87,1.72
3/19/2022,26.11,26.27,25.84,24.84,7.89,7.77,7.94,8.04,1813,1752,1759,1790,1.81,1.93,2.02,1.72,31.57,32.48,31.89,30.57,2.04,1.83,1.8,1.65
3/20/2022,26.75,25.68,25.04,25.27,7.85,7.79,7.93,8.14,1813,1766,1736,1773,1.75,1.82,1.93,1.88,32.38,30.12,31.12,31.81,2.04,1.96,2.01,1.91
3/21/2022,26.75,26.12,25.51,25.57,7.39,7.69,7.86,8.15,1800,1711,1783,1733,1.9,1.86,2,1.97,31.7,32.2,30.58,30.9,2,1.79,1.88,1.82
3/22/2022,26.65,25.65,25.07,26.63,7.77,7.8,7.8,8.11,1797,1727,1725,1730,1.83,1.93,1.76,1.78,32.06,31.6,32.73,31.05,1.97,1.94,1.83,1.78
3/23/2022,25.93,26.89,26.39,26.43,7.67,7.94,8.06,8.12,1806,1765,1718,1750,1.89,1.82,1.72,2.03,31.91,32.49,31.59,30.77,1.98,1.94,1.88,1.79
3/24/2022,25.15,25.92,26.42,25.02,7.99,7.82,7.8,8.09,1809,1747,1783,1734,1.87,2,1.87,1.96,32.03,32.49,32,31.17,2.03,1.72,2.08,1.72
3/25/2022,25.4,26.16,26.64,24.74,7.65,7.92,7.84,8.17,1805,1751,1712,1743,1.95,1.88,2.02,1.71,32.11,31.17,31.8,30.6,1.99,1.75,1.86,1.69
3/26/2022,25.23,25.05,25.5,26.42,7.95,7.72,7.68,7.92,1811,1777,1783,1780,1.99,1.95,1.92,1.82,31.91,32.52,31.58,31.5,1.96,1.75,2.1,1.82
3/27/2022,26.1,26.71,26.71,25.77,7.7,7.8,8.08,8,1797,1758,1700,1796,1.94,1.87,1.81,1.91,31.81,30.79,31.24,32.22,2,1.77,1.98,1.68
3/28/2022,25.86,25.31,25.32,26.16,7.64,7.79,8.06,7.85,1800,1720,1783,1729,1.76,1.74,2.03,1.93,32.36,32.27,30.95,32.3,2.03,1.97,2.02,2
3/29/2022,26.4,25.59,26.78,26.58,7.96,7.87,7.8,7.97,1808,1767,1755,1775,1.88,2.01,2.02,1.75,32.23,31.87,32.24,32.42,2.03,1.8,1.74,1.72
3/30/2022,26.8,26.9,27,26.9,7.32,7.65,7.68,7.83,1813,1789,1785,1813,1.73,1.7,1.65,1.7,32.4,32.53,32.79,32.54,2.05,1.98,2.11,2.03
3/31/2022,28.57,27.09,27.66,29.35,7.01,7.62,7.19,7.48,1867,1801,1799,1821,0.94,1.62,1.56,1.01,35.91,36.94,33.67,37.74,2.74,2.49,2.83,2.64
4/1/2022,28.03,27.35,27.85,29.44,7.24,7.36,7.39,7.61,1886,1816,1801,1814,0.94,1.23,1.35,1.38,35.67,36.56,33.76,33.22,2.16,2.37,2.48,2.79
4/2/2022,28.82,28.3,27.95,27.71,7.21,7.61,7.67,7.78,1888,1847,1787,1876,1.05,1.12,0.69,1.57,37.64,32.83,35.86,35.53,2.46,2.33,2.44,2.78
4/3/2022,29.08,27.63,27.3,28.94,7.03,7.61,7.57,7.35,1856,1804,1815,1882,1.4,1.69,1.22,1.3,32.56,37.17,34.46,36.42,2.3,2.09,2.72,2.37
4/4/2022,28.46,28.59,28.47,28.58,7.04,7.58,7.25,7.35,1889,1849,1823,1868,1.69,0.93,1.64,1.35,32.95,34.55,33,33.9,2.72,2.78,2.63,2.2
4/5/2022,27.26,28.48,27.17,26.91,7.2,7,7.59,7.79,1872,1802,1786,1843,1.43,1.2,1.34,0.85,34.34,35.57,35.53,33.04,2.19,2.62,2.79,2.64
4/6/2022,28.17,27.41,27.36,27.43,7.13,7.34,7.21,7.45,1881,1866,1829,1828,1.15,1.61,0.96,1.45,37.45,35.01,36.26,33.21,2.06,2.11,2.6,2.42
4/7/2022,27.1,28.21,27.63,27.03,6.86,7.48,7.22,7.68,1913,1839,1800,1868,1.42,0.95,1.56,1.61,33.21,35.14,37.23,32.91,2.84,2.7,2.42,2.05
4/8/2022,28.38,27.07,28.73,27.45,7.2,7.06,7.51,7.59,1896,1814,1819,1872,1.71,1.59,0.92,1.01,34.05,32.77,37.38,32.67,2.49,1.99,2.71,2.78
4/9/2022,27.32,28.85,27.07,28.45,7.13,7.34,7.31,7.78,1824,1857,1810,1822,1.58,1.35,1.46,1.61,35.68,33.12,35.46,33.8,2.17,2.52,2.27,2.73
4/10/2022,29.04,28.79,28.39,27.27,7.05,6.93,7.12,7.75,1816,1795,1824,1872,1.31,1.02,1.55,0.9,37.9,35.31,34.41,36.76,2.47,2.69,2.25,2.42
4/11/2022,28.76,28.35,28.05,27.26,6.89,7.44,7.57,7.48,1903,1868,1821,1846,1.15,1.32,1.33,1.25,32.75,34.28,37.23,34.83,2.11,2,2.79,2.77
4/12/2022,27.4,28.67,28.93,28.88,7.03,6.97,7.3,7.55,1908,1855,1787,1871,1.62,1.57,1.13,1.23,34.67,37.57,35.71,36.87,2.73,2.34,2.45,2.18
4/13/2022,28.28,28.54,28.26,28.19,6.93,7.41,7.43,7.46,1842,1853,1803,1887,0.77,1.07,1.01,1.55,36.28,35.45,35.71,33.16,2.62,2.43,2.41,2.21
4/14/2022,28.14,27.62,27.16,28.2,6.9,7.08,7.26,7.68,1871,1838,1818,1846,1.7,0.99,0.8,1.6,36.2,35.79,34.77,32.59,2.71,2.75,2.23,2.52
4/15/2022,29.1,28.9,29.3,29.7,6.83,6.91,7.12,7.35,1914,1877,1829,1902,0.75,0.82,0.66,0.71,38.17,38,38.55,38.29,2.87,2.78,2.85,2.8
4/16/2022,29.56,30.24,30.94,30.98,6.6,6.62,6.91,7.25,1924,1895,1854,1954,0.66,0.71,0.61,0.39,38.59,40.26,40.29,38.69,3.01,3.13,3.03,3
4/17/2022,31,30.94,30.55,31.19,6.25,6.85,6.74,6.75,1927,1880,1846,1955,0.12,0.35,0.6,0.59,39.19,38.62,40.63,39.83,3.2,2.91,2.86,2.91
4/18/2022,29.9,30.99,30.23,29.7,6.32,6.88,6.65,7.01,1925,1895,1854,1955,0.28,0.58,0.4,0.24,40.45,38.01,38.63,39.52,3.21,2.93,3.1,3.05
4/19/2022,31.35,31,29.7,30.02,6.52,6.42,6.78,6.92,1914,1882,1845,1914,0.7,0.69,0.56,0.48,40.28,39.29,40.62,40.03,3.05,3.12,3.12,2.96
4/20/2022,30.65,30.5,29.61,30.5,6.27,6.89,6.52,6.59,1923,1885,1850,1924,0.56,0.11,0.3,0.35,40.06,40.05,39.29,40.33,3.04,2.85,2.86,2.98
4/21/2022,29.29,29.71,29.38,30.04,6.7,6.39,6.66,7.27,1927,1887,1830,1961,0.49,0.73,0.27,0.36,39.63,39.12,38.71,40.41,2.97,3.02,2.86,2.98
4/22/2022,30.55,31.36,30.28,30.3,6.27,6.77,7.01,6.93,1915,1890,1835,1961,0.2,0.79,0.42,0.67,38.94,38.33,39.88,38.59,2.93,3.13,2.95,2.81
4/23/2022,31.65,29.95,30.95,29.77,6.26,6.54,7.09,6.33,1923,1886,1852,1955,0.72,0.31,0.4,0.57,40.28,38.57,39.86,38.67,2.95,2.85,2.88,2.98
4/24/2022,30.21,29.71,29.32,30.62,6.36,6.63,6.5,6.97,1922,1891,1849,1935,0.24,0.31,0.53,0.55,40.03,40.72,40.35,39.63,3.03,3.04,3,2.99
4/25/2022,30.26,30.4,29.54,30.39,6.46,6.43,6.53,7.29,1921,1884,1834,1908,0.59,0.4,0.56,0.71,40.22,40.61,39.66,38.7,3.08,2.91,2.97,3.08
4/26/2022,31.5,29.23,30.05,29.86,6.57,6.65,6.79,6.54,1915,1891,1854,1970,0.19,0.21,0.22,0.35,40.45,40.38,39.76,38.77,3.22,3.13,3.06,2.89
4/27/2022,30.29,30.66,31.15,30.67,6.77,6.74,7.08,7.18,1926,1878,1838,1944,0.11,0.76,0.23,0.33,39.14,38.37,39.73,39.7,3.03,2.88,2.88,3.03
4/28/2022,29.6,28.95,29.97,30.83,6.66,6.68,6.78,7.17,1918,1879,1833,1913,0.54,0.26,0.43,0.41,41.33,40.81,39.44,40.33,3.19,2.89,3.05,2.92
4/29/2022,31.25,29.1,29.93,30.84,6.4,6.54,6.82,6.61,1915,1889,1855,1944,0.4,0.19,0.24,0.45,38.94,38.52,39.05,38.41,2.9,2.82,3,3.06
4/30/2022,31.7,31.5,31.2,31.3,6.22,6.35,6.37,6.29,1928,1898,1856,1971,0.08,0.09,0.11,0.13,41.53,41.24,40.83,40.55,3.23,3.21,3.14,3.1
5/1/2022,32.15,32.31,31.97,32.11,6.26,6.39,6.28,6.25,1720,1856,1802,1801,0.01,0.03,0.04,0.1,43.06,41.94,41.61,41.46,3.32,3.49,3.48,3.38
5/2/2022,32.04,31.63,31.61,31.95,6.26,6.38,6.36,6.22,1724,1885,1805,1879,0.07,0.08,0.02,0.11,41.59,42.62,42.65,41.31,3.39,3.3,3.22,3.32
5/3/2022,33.06,32.44,32.54,32.54,6.28,6.37,6.32,6.22,1663,1785,1852,1939,0.04,0.06,0.05,0.07,41.54,41.28,41.17,42.35,3.51,3.63,3.21,3.18
5/4/2022,32.02,32.2,31.32,31.88,6.27,6.36,6.27,6.28,1816,1771,1845,1793,0.01,0.07,0.05,0.09,43.09,41.67,42.93,41.85,3.27,3.38,3.43,3.17
5/5/2022,31.93,31.53,32.11,32.55,6.28,6.37,6.26,6.29,1653,1761,1703,1931,0.04,0.02,0.1,0.12,42.03,41.64,40.89,41.78,3.34,3.3,3.26,3.21
5/6/2022,32.15,31.98,31.63,31.6,6.24,6.37,6.28,6.2,1824,1670,1754,1844,0.02,0.04,0.11,0.06,43.5,42.17,41.54,41.62,3.46,3.45,3.33,3.37
5/7/2022,32.47,31.55,32.54,31.92,6.26,6.39,6.28,6.22,1852,1851,1803,1912,0.08,0.07,0.05,0.1,43.25,41.72,42.77,40.59,3.4,3.3,3.37,3.15
5/8/2022,31.8,31.6,31.46,31.58,6.28,6.4,6.26,6.22,1759,1896,1728,1967,0.07,0.08,0.03,0.06,41.59,41.68,41.17,41.76,3.26,3.32,3.43,3.28
5/9/2022,32.22,31.9,31.62,31.61,6.29,6.38,6.36,6.2,1850,1701,1702,1814,0.06,0.06,0.07,0.12,42.44,42.73,41.89,41.63,3.42,3.46,3.51,3.28
5/10/2022,32.93,31.94,31.89,32,6.29,6.35,6.28,6.2,1735,1749,1759,1894,0.08,0.06,0.08,0.1,42.96,42.56,42.44,42.3,3.45,3.55,3.3,3.26
5/11/2022,32.56,31.78,31.44,32.54,6.29,6.38,6.32,6.21,1835,1801,1727,1855,0.07,0.07,0.07,0.08,43.4,43.06,42.84,40.95,3.6,3.31,3.58,3.17
5/12/2022,31.79,32.55,32.67,32.31,6.28,6.38,6.25,6.23,1894,1800,1827,1885,0.05,0.09,0.09,0.04,41.71,41.63,42.89,41.6,3.23,3.28,3.26,3.32
5/13/2022,32.34,32.56,32.02,31.63,6.26,6.38,6.28,6.26,1847,1716,1850,1903,0.07,0.09,0.05,0.1,43.5,41.89,40.99,41.38,3.58,3.31,3.43,3.2
5/14/2022,32.56,31.96,31.98,32.66,6.24,6.38,6.25,6.26,1799,1857,1743,1920,0.02,0.04,0.09,0.11,41.74,41.89,41.48,42.36,3.45,3.43,3.51,3.25
5/15/2022,33.1,32.7,32.9,32.8,6.3,6.42,6.25,6.18,1609,1646,1695,1789,0.01,0.02,0.02,0.03,43.52,43.11,43,42.91,3.7,3.65,3.6,3.42
5/16/2022,33.09,32.39,32.67,32.64,6.34,6.5,6.22,6.14,1608,1630,1682,1741,0.03,0.03,0.04,0.03,43.3,43.06,42.72,42.61,3.6,3.43,3.4,3.37
5/17/2022,32.77,32.24,32.67,32.51,6.38,6.45,6.25,6.12,1570,1630,1656,1772,0.03,0.06,0.02,0.04,43.06,42.15,42.93,42.73,3.67,3.49,3.56,3.38
5/18/2022,32.69,32.59,32.36,32.66,6.38,6.46,6.19,6.12,1578,1625,1694,1695,0.03,0.05,0.02,0.05,43.35,43,42.98,42.8,3.66,3.65,3.4,3.29
5/19/2022,32.61,32.5,32.38,32.23,6.33,6.45,6.18,6.13,1569,1619,1661,1741,0.03,0.04,0.03,0.03,43.43,42.34,43,42.5,3.64,3.45,3.59,3.33
5/20/2022,32.65,32.44,32.54,32.45,6.36,6.45,6.22,6.12,1578,1626,1645,1715,0.01,0.02,0.05,0.05,43.51,43.09,42.72,42.47,3.35,3.5,3.32,3.32
5/21/2022,32.69,32.62,32.5,32.3,6.38,6.49,6.18,6.17,1563,1642,1656,1772,0.02,0.02,0.02,0.05,43.25,42.46,42.72,42.62,3.53,3.41,3.48,3.31
5/22/2022,32.62,32.64,32.83,32.46,6.3,6.5,6.17,6.14,1556,1638,1681,1708,0.01,0.03,0.05,0.05,43.19,42.2,42.75,42.42,3.67,3.54,3.35,3.29
5/23/2022,32.9,32.68,32.73,32.68,6.3,6.47,6.19,6.11,1558,1619,1676,1777,0.02,0.02,0.02,0.03,43.11,42.56,42.97,42.66,3.62,3.43,3.36,3.3
5/24/2022,32.81,32.32,32.55,32.66,6.32,6.49,6.19,6.17,1561,1646,1681,1759,0.02,0.05,0.02,0.04,42.9,42.79,42.82,42.62,3.6,3.36,3.44,3.3
5/25/2022,33.06,32.53,32.66,32.5,6.4,6.42,6.18,6.18,1576,1640,1659,1693,0.01,0.03,0.03,0.05,43.04,43.11,42.98,42.69,3.37,3.3,3.33,3.38
5/26/2022,33.05,32.69,32.52,32.21,6.31,6.5,6.21,6.13,1558,1620,1645,1728,0.02,0.04,0.05,0.03,43.19,42.2,42.76,42.33,3.57,3.4,3.43,3.28
5/27/2022,32.85,32.54,32.38,32.15,6.33,6.44,6.19,6.16,1591,1641,1664,1766,0.03,0.03,0.04,0.04,42.94,42.56,42.76,42.69,3.64,3.47,3.45,3.37
5/28/2022,32.99,32.53,32.74,32.37,6.36,6.43,6.23,6.13,1563,1610,1688,1710,0.02,0.05,0.04,0.04,43,42.63,42.97,42.72,3.41,3.59,3.31,3.42
5/29/2022,33.1,32.57,32.59,32.65,6.32,6.44,6.23,6.16,1567,1615,1650,1771,0.03,0.02,0.04,0.06,43.17,42.57,42.85,42.38,3.48,3.35,3.59,3.28
5/30/2022,32.6,32.2,32.3,32.1,6.41,6.52,6.16,6.11,1554,1610,1643,1689,0.03,0.06,0.05,0.06,42.87,42.14,42.71,42.14,3.35,3.3,3.29,3.27
5/31/2022,31.11,31.01,30.63,30.69,6.48,6.49,6.25,6.17,1333,1403,1592,1571,0.1,0.17,0.23,0.18,39.8,41.98,39.78,40.28,3.06,3.21,3.23,3
6/1/2022,30.7,31.46,31.85,31.55,6.42,6.5,6.26,6.17,1455,1568,1484,1486,0.31,0.21,0.33,0.19,42.41,40.03,42.63,39.25,3.12,3.26,3.07,3.25
6/2/2022,32.41,30.65,32.01,30.4,6.44,6.49,6.18,6.18,1492,1458,1630,1648,0.12,0.07,0.23,0.31,42.37,39.66,40.57,42.03,3.33,3.09,3,3.01
6/3/2022,30.5,32.09,30.86,32.05,6.44,6.49,6.32,6.18,1526,1486,1552,1506,0.1,0.28,0.1,0.25,41.4,41.5,41.91,39.37,3.27,3.07,3.08,2.94
6/4/2022,32.55,31.72,31.33,31.13,6.51,6.48,6.22,6.18,1372,1424,1568,1626,0.22,0.13,0.36,0.37,41.7,40.7,42.01,41.09,3.29,3.23,3.04,3.05
6/5/2022,31.93,32.03,30.66,31.1,6.52,6.47,6.32,6.15,1535,1483,1489,1546,0.08,0.25,0.3,0.08,42.22,42.09,40.16,40.16,3.1,3.04,3.26,3.01
6/6/2022,30.9,31.97,30.66,31.33,6.42,6.48,6.31,6.13,1418,1559,1476,1590,0.19,0.18,0.29,0.35,42.66,39.89,40.45,41.88,3.11,3.16,3.07,3.25
6/7/2022,31.38,32.01,31.04,30.76,6.41,6.52,6.32,6.17,1413,1561,1546,1615,0.29,0.27,0.36,0.24,41.52,40.19,42.04,41.6,3.23,3.1,3.13,3.21
6/8/2022,30.8,31.92,32.23,31.34,6.48,6.5,6.21,6.14,1525,1466,1624,1639,0.04,0.1,0.21,0.06,40.45,39.75,39.98,39.77,3.23,3.23,3.07,3.01
6/9/2022,32.37,30.8,31.53,31.13,6.42,6.49,6.26,6.12,1399,1454,1501,1640,0.15,0.07,0.17,0.14,40.28,41.23,39.93,39.87,3.34,3.13,2.98,3.25
6/10/2022,32.04,32.18,32.22,30.25,6.46,6.5,6.24,6.13,1516,1527,1491,1662,0.11,0.2,0.08,0.16,40.76,40.7,42.46,39.49,3.23,3.03,3.01,3.23
6/11/2022,30.53,31.68,32.09,31.83,6.45,6.48,6.27,6.14,1543,1411,1603,1454,0.05,0.17,0.37,0.21,39.89,39.63,39.35,41.67,3.19,3.05,3.06,3.12
6/12/2022,32.02,31.22,31.83,31.7,6.55,6.5,6.24,6.12,1354,1502,1581,1482,0.14,0.22,0.18,0.37,41.87,41.82,40.18,39.49,3.1,3.27,3.2,3.08
6/13/2022,31.38,30.94,31.04,31.13,6.52,6.49,6.22,6.18,1455,1587,1640,1460,0.23,0.11,0.1,0.36,40.46,40.47,41.18,39.95,3.2,3.04,3.05,3.04
6/14/2022,32.54,31.84,30.7,31.71,6.46,6.52,6.31,6.15,1431,1610,1579,1596,0.13,0.27,0.08,0.35,41.81,41.29,39.74,40.98,3.33,3.28,3.28,3.08
6/15/2022,30.4,30.5,30.3,30.1,6.56,6.47,6.33,6.19,1329,1402,1446,1453,0.31,0.29,0.38,0.43,39.3,39.47,39.24,39,3.05,2.98,2.95,2.9
6/16/2022,29.53,29.61,28.48,29.32,6.6,6.79,6.34,6.47,1324,1391,1308,1388,0.72,0.87,0.61,0.43,38.26,38.37,37.57,36.61,2.7,2.82,2.7,2.7
6/17/2022,28.92,29.28,29.39,29.19,6.83,6.74,6.82,6.6,1327,1398,1329,1331,0.33,0.84,0.92,0.45,39.25,37.86,37.8,38.5,2.77,2.85,2.82,2.76
6/18/2022,28.92,29.29,29.25,28.97,6.65,6.92,6.41,6.21,1296,1402,1439,1353,0.71,0.47,0.72,0.84,38.67,38.43,38.78,36.57,2.88,2.64,2.84,2.7
6/19/2022,29.79,30.07,28.61,28.18,6.97,7,6.36,6.26,1270,1374,1420,1424,0.47,0.68,0.48,0.69,38.8,39.33,38.97,37.16,2.88,2.92,2.92,2.74
6/20/2022,29.55,29.29,28.67,29.84,6.76,6.55,6.47,6.46,1280,1379,1405,1414,0.53,0.7,0.67,0.7,38.87,39.2,37.72,38.01,2.88,2.79,2.75,2.6
6/21/2022,29.75,29.48,29.97,29.57,6.66,6.57,6.85,6.55,1277,1389,1386,1441,0.73,0.79,0.44,0.89,38.17,38.5,37.39,38.03,2.91,2.92,2.62,2.81
6/22/2022,29.68,30.01,29.05,28.96,6.95,6.73,6.74,6.34,1310,1374,1303,1401,0.33,0.7,0.4,0.71,38.87,38.77,39.05,37.82,3.02,2.71,2.79,2.72
6/23/2022,30.12,29.93,28.56,28.75,6.97,6.83,6.42,6.38,1268,1402,1386,1408,0.45,0.76,0.81,0.75,38.15,38.34,38.02,37.41,2.76,2.67,2.65,2.55
6/24/2022,30.12,29.9,29.7,28.24,6.98,6.53,6.81,6.49,1319,1367,1426,1449,0.73,0.34,0.65,0.9,38.71,38.39,37.63,38.67,2.92,2.72,2.94,2.74
6/25/2022,29.6,30.1,28.98,28.34,6.72,6.94,6.76,6.44,1291,1391,1383,1342,0.6,0.88,0.79,0.7,39.19,38.1,38.14,37.11,2.69,2.83,2.64,2.68
6/26/2022,29.95,29.12,30.08,28.46,6.59,6.63,6.62,6.63,1311,1400,1445,1374,0.58,0.86,0.62,0.87,38.33,38.61,37.8,36.85,2.74,2.64,2.91,2.7
6/27/2022,29.64,29.01,29.57,29.43,6.91,7.04,6.67,6.64,1324,1394,1355,1421,0.78,0.67,0.45,0.61,38.81,37.74,38.9,36.89,2.79,2.8,2.93,2.77
6/28/2022,30.31,30.49,30.05,28.33,6.88,6.51,6.58,6.71,1288,1393,1335,1398,0.56,0.53,0.91,0.75,38.65,38.85,37.64,38.79,2.83,2.62,2.76,2.66
6/29/2022,29.36,29.27,29.97,29.83,6.85,6.8,6.82,6.31,1285,1388,1433,1386,0.79,0.76,0.55,0.51,38.4,37.91,37.84,36.59,2.92,2.78,2.94,2.62
6/30/2022,28.7,28.9,28.4,28.1,6.98,7.05,6.88,6.76,1257,1367,1297,1325,0.79,0.93,0.95,1,38.12,37.65,37.38,36.51,2.65,2.61,2.6,2.55
7/1/2022,28.39,28.81,28.15,27.92,7.05,7.08,7,6.85,1165,1335,1324,1324,0.92,0.97,0.95,1,37.57,37.59,36.97,36.13,2.63,2.49,2.36,2.54
7/2/2022,28.42,28.78,27.96,27.96,7.03,7.11,6.97,7.01,1232,1360,1317,1324,0.82,0.95,0.99,1.01,37.92,37.46,37.14,36.26,2.6,2.48,2.3,2.54
7/3/2022,28.63,28.87,28.15,28.03,7.08,7.09,6.92,6.87,1171,1345,1322,1324,0.79,0.97,0.99,1.02,36.25,37.45,37.28,35.76,2.52,2.48,2.37,2.36
7/4/2022,28.7,28.41,28.31,28.07,6.99,7.13,7.18,6.99,1245,1339,1306,1324,0.88,0.95,0.97,1,37.82,37.39,36.68,36.5,2.57,2.49,2.54,2.25
7/5/2022,28.39,28.51,28.06,27.93,7.06,7.1,7.09,6.78,1201,1338,1334,1324,0.81,0.95,1,1.01,36.58,37.5,37.21,36.04,2.48,2.53,2.54,2.37
7/6/2022,28.53,28.75,28.13,27.94,7.06,7.08,7.07,6.98,1191,1355,1326,1324,1.08,0.97,0.98,1.01,37.62,37.59,36.7,36.13,2.47,2.39,2.43,2.26
7/7/2022,28.5,28.11,28.16,28.09,7.01,7.09,7.02,6.84,1218,1337,1311,1324,1.08,0.93,0.99,1.03,35.86,37.35,36.78,36.25,2.62,2.48,2.51,2.32
7/8/2022,28.35,28.38,28.19,28.01,6.99,7.15,7.01,6.98,1257,1345,1306,1324,0.94,0.97,0.95,1.02,37.69,37.4,37.07,36.38,2.64,2.39,2.36,2.4
7/9/2022,28.69,28.3,28.35,27.93,7.08,7.09,7.14,6.89,1174,1325,1303,1323,0.88,0.96,0.96,1.02,36.04,37.36,36.93,35.88,2.48,2.54,2.52,2.25
7/10/2022,28.31,28.41,28.34,27.99,7.06,7.06,7.06,6.8,1256,1329,1327,1325,0.8,0.95,0.99,1,35.93,37.35,37.1,36.02,2.61,2.4,2.49,2.3
7/11/2022,28.56,28.11,28.22,28,7.11,7.06,7.17,6.84,1211,1362,1339,1325,0.81,0.96,0.96,1.01,36.89,37.53,37.37,35.81,2.61,2.58,2.49,2.18
7/12/2022,28.62,28.69,28.34,27.92,7.01,7.06,7.06,6.8,1207,1345,1342,1324,1.01,0.97,1,1.02,35.79,37.57,37.26,35.99,2.6,2.51,2.55,2.42
7/13/2022,28.34,28.85,28.13,28,7.06,7.13,7.17,7.01,1158,1360,1321,1325,0.94,0.93,0.97,1,36.92,37.42,36.52,36.27,2.61,2.48,2.32,2.28
7/14/2022,28.7,28.88,28.26,28.05,7.05,7.07,6.92,7.05,1250,1350,1299,1324,1.01,0.95,1.02,1.01,36.72,37.43,36.72,36.28,2.59,2.37,2.54,2.2
7/15/2022,28.3,28.1,27.9,27.9,7.11,7.15,7.2,7.14,1157,1318,1352,1323,1.12,0.98,1.02,1.03,35.7,37.35,36.5,35.74,2.47,2.36,2.29,2.17
7/16/2022,27.94,27.82,27.85,27.77,7.21,7.19,7.21,7.26,1135,1289,1327,1304,1.13,0.99,1.31,1.38,35.42,37.05,35.43,35.24,2.43,2.32,2.18,2.18
7/17/2022,27.94,28.1,27.43,27.17,7.23,7.17,7.29,7.19,1136,1311,1350,1303,1.12,1,1.2,1.18,35.24,37.19,34.64,33.64,2.45,2.31,2.29,2.2
7/18/2022,27.73,27.9,27.63,27.84,7.17,7.2,7.22,7.19,1142,1301,1329,1298,1.15,1.07,1.2,1.13,35.68,37,34.43,33.16,2.37,2.22,2.21,2.19
7/19/2022,27.63,28.08,27.49,27.69,7.17,7.21,7.25,7.15,1154,1315,1321,1296,1.14,1,1.21,1.09,34.86,36.75,33.53,32.97,2.18,2.35,2.17,2.18
7/20/2022,27.77,28.03,27.43,27.26,7.2,7.16,7.21,7.15,1125,1312,1319,1314,1.15,0.99,1.04,1.1,34.8,37.3,33.37,35.3,2.27,2.28,2.21,2.18
7/21/2022,27.56,27.9,27.45,27.75,7.18,7.19,7.22,7.25,1127,1289,1311,1301,1.15,1.05,1.16,1.09,34.65,36.81,34.89,35.48,2.19,2.26,2.17,2.18
7/22/2022,28.03,27.93,27.25,27.39,7.16,7.2,7.2,7.16,1147,1300,1314,1281,1.14,1.02,1.32,1.07,35.19,35.82,33.8,34.53,2.31,2.21,2.25,2.17
7/23/2022,27.89,27.98,27.33,27.57,7.22,7.18,7.22,7.26,1143,1315,1325,1292,1.14,1,1.03,1.37,35.29,36.05,36.31,33.15,2.38,2.29,2.18,2.18
7/24/2022,27.84,27.86,27.53,27.6,7.16,7.19,7.2,7.17,1130,1289,1329,1290,1.13,1.03,1.07,1.34,35.49,35.9,36.31,34.17,2.23,2.28,2.19,2.19
7/25/2022,28.02,27.96,27.74,27.84,7.13,7.2,7.25,7.23,1125,1318,1313,1311,1.13,1.02,1.16,1.41,35.51,36.89,34.86,34.02,2.25,2.29,2.16,2.17
7/26/2022,27.55,27.81,27.23,27.26,7.17,7.19,7.29,7.22,1138,1306,1306,1293,1.13,0.98,1.21,1.21,35.04,37.34,34.99,34.9,2.45,2.33,2.15,2.19
7/27/2022,27.75,27.97,27.44,27.3,7.17,7.15,7.23,7.21,1123,1293,1307,1287,1.14,1.02,1.27,1.2,35.54,36.7,36.39,34.91,2.15,2.18,2.13,2.19
7/28/2022,27.86,27.84,27.56,27.64,7.22,7.17,7.29,7.22,1147,1310,1321,1320,1.15,1.01,1.16,1.27,34.54,35.91,33.29,34.15,2.26,2.16,2.28,2.18
7/29/2022,27.68,28.05,27.66,27.64,7.18,7.18,7.3,7.26,1126,1295,1345,1312,1.15,1.05,1.16,1.04,34.71,35.97,35.04,35.04,2.46,2.35,2.24,2.17
7/30/2022,27.5,27.8,27.2,27.1,7.23,7.22,7.3,7.26,1122,1287,1304,1279,1.15,1.08,1.36,1.44,34.23,35.79,33.1,32.97,2.15,2.14,2.11,2.2
7/31/2022,27.31,27.11,26.41,27.06,7.2,7.22,7.23,7.12,1061,1147,1266,1175,1.64,1.56,1.7,1.54,33.97,35.38,32.61,32.59,2.12,2.14,2.08,2.17
8/1/2022,27.31,27.42,27.07,27.09,7.19,7.21,7.25,7.2,1085,1260,1158,1214,1.36,1.21,1.68,1.51,33.75,34.63,32.41,32.13,2.14,2.14,2.09,2.12
8/2/2022,27.29,27.77,26.41,26.93,7.18,7.2,7.24,7.21,1116,1273,1297,1204,1.3,1.55,1.52,1.61,33.15,34.37,32.87,32.97,2.15,2.14,2.07,2.14
8/3/2022,27.17,27.3,26.56,26.36,7.16,7.19,7.22,7.2,1054,1201,1171,1130,1.53,1.3,1.4,1.84,33.26,33.29,32.52,32.65,2.14,2.14,2.11,2.17
8/4/2022,27.08,27.79,26.6,26.83,7.19,7.19,7.22,7.24,1065,1284,1157,1071,1.45,1.49,1.71,1.93,33.73,33.27,32.5,32.26,2.15,2.14,2.11,2.15
8/5/2022,27.39,27.62,26.44,26.96,7.22,7.2,7.29,7.12,1059,1158,1075,1208,1.36,1.47,1.71,1.56,32.6,35.03,32.73,32.43,2.12,2.14,2.07,2.16
8/6/2022,27.11,27.56,26.63,26.81,7.17,7.21,7.24,7.21,1071,1188,1076,1050,1.51,1.39,1.36,1.53,33.19,32.82,32.81,32.91,2.13,2.14,2.06,2.11
8/7/2022,27.34,27.27,26.83,27.04,7.21,7.2,7.27,7.22,1104,1083,1126,1192,1.68,1.18,1.62,1.7,34.2,35.01,32.57,32.44,2.13,2.14,2.09,2.11
8/8/2022,26.82,27.49,26.53,26.4,7.2,7.19,7.26,7.15,1088,1265,1118,1150,1.62,1.1,1.83,1.58,33.68,33.53,32.78,32.36,2.12,2.14,2.06,2.13
8/9/2022,27.09,27.46,27.19,26.36,7.17,7.21,7.29,7.24,1103,1209,1105,1274,1.21,1.6,1.53,1.92,33.01,34.62,32.78,32.79,2.12,2.14,2.1,2.14
8/10/2022,26.86,27.6,26.49,27,7.21,7.2,7.28,7.19,1097,1131,1112,1182,1.3,1.24,1.87,1.76,33.14,32.91,32.49,32.38,2.13,2.14,2.07,2.18
8/11/2022,27.03,27.73,26.95,26.76,7.17,7.21,7.22,7.11,1064,1121,1284,1111,1.43,1.09,1.64,1.58,32.71,35.58,32.48,32.25,2.13,2.14,2.08,2.09
8/12/2022,27.29,27.47,26.88,27.05,7.2,7.21,7.25,7.21,1057,1251,1092,1137,1.55,1.36,1.74,1.64,34.15,33.87,32.56,32.92,2.15,2.14,2.1,2.14
8/13/2022,27.31,27.15,26.69,26.79,7.16,7.22,7.23,7.14,1112,1173,1189,1220,1.15,1.18,1.68,1.73,33.61,32.76,32.86,32.12,2.13,2.14,2.07,2.13
8/14/2022,26.99,27.66,27.1,26.71,7.2,7.2,7.26,7.13,1060,1283,1101,1197,1.67,1.43,1.58,1.67,33.82,35.3,32.17,32.29,2.12,2.14,2.08,2.17
8/15/2022,26.8,27,26.4,26.2,7.15,7.19,7.22,7.1,1052,1075,1039,1047,1.72,1.65,1.91,1.94,32.4,32.75,32.15,32.1,2.11,2.14,2.06,2.09
8/16/2022,27.31,27.11,26.41,27.06,7.2,7.22,7.23,7.12,1061,1147,1266,1175,1.64,1.56,1.7,1.54,33.97,35.38,32.61,32.59,2.12,2.14,2.08,2.17
8/17/2022,27.31,27.42,27.07,27.09,7.19,7.21,7.25,7.2,1085,1260,1158,1214,1.36,1.21,1.68,1.51,33.75,34.63,32.41,32.13,2.14,2.14,2.09,2.12
8/18/2022,27.29,27.77,26.41,26.93,7.18,7.2,7.24,7.21,1116,1273,1297,1204,1.3,1.55,1.52,1.61,33.15,34.37,32.87,32.97,2.15,2.14,2.07,2.14
8/19/2022,27.17,27.3,26.56,26.36,7.16,7.19,7.22,7.2,1054,1201,1171,1130,1.53,1.3,1.4,1.84,33.26,33.29,32.52,32.65,2.14,2.14,2.11,2.17
8/20/2022,27.08,27.79,26.6,26.83,7.19,7.19,7.22,7.24,1065,1284,1157,1071,1.45,1.49,1.71,1.93,33.73,33.27,32.5,32.26,2.15,2.14,2.11,2.15
8/21/2022,27.39,27.62,26.44,26.96,7.22,7.2,7.29,7.12,1059,1158,1075,1208,1.36,1.47,1.71,1.56,32.6,35.03,32.73,32.43,2.12,2.14,2.07,2.16
8/22/2022,27.11,27.56,26.63,26.81,7.17,7.21,7.24,7.21,1071,1188,1076,1050,1.51,1.39,1.36,1.53,33.19,32.82,32.81,32.91,2.13,2.14,2.06,2.11
8/23/2022,27.34,27.27,26.83,27.04,7.21,7.2,7.27,7.22,1104,1083,1126,1192,1.68,1.18,1.62,1.7,34.2,35.01,32.57,32.44,2.13,2.14,2.09,2.11
8/24/2022,26.82,27.49,26.53,26.4,7.2,7.19,7.26,7.15,1088,1265,1118,1150,1.62,1.1,1.83,1.58,33.68,33.53,32.78,32.36,2.12,2.14,2.06,2.13
8/25/2022,27.09,27.46,27.19,26.36,7.17,7.21,7.29,7.24,1103,1209,1105,1274,1.21,1.6,1.53,1.92,33.01,34.62,32.78,32.79,2.12,2.14,2.1,2.14
8/26/2022,26.86,27.6,26.49,27,7.21,7.2,7.28,7.19,1097,1131,1112,1182,1.3,1.24,1.87,1.76,33.14,32.91,32.49,32.38,2.13,2.14,2.07,2.18
8/27/2022,27.03,27.73,26.95,26.76,7.17,7.21,7.22,7.11,1064,1121,1284,1111,1.43,1.09,1.64,1.58,32.71,35.58,32.48,32.25,2.13,2.14,2.08,2.09
8/28/2022,27.29,27.47,26.88,27.05,7.2,7.21,7.25,7.21,1057,1251,1092,1137,1.55,1.36,1.74,1.64,34.15,33.87,32.56,32.92,2.15,2.14,2.1,2.14
8/29/2022,27.31,27.15,26.69,26.79,7.16,7.22,7.23,7.14,1112,1173,1189,1220,1.15,1.18,1.68,1.73,33.61,32.76,32.86,32.12,2.13,2.14,2.07,2.13
8/30/2022,26.3,26.5,26.2,26.1,7.12,7.13,7.29,7.14,1033,1057,1019,1045,1.92,1.9,1.94,1.95,32.11,32.31,32.19,32.07,1.97,1.89,2.01,1.98
8/31/2022,25.69,25.84,26.12,25.95,7.23,7.37,7.31,7.18,970,962,964,1028,1.96,2.01,1.94,1.97,31.72,32.27,32.16,31.95,1.89,1.89,2.01,1.98
9/1/2022,25.17,24.91,25.59,25.2,7.16,7.18,7.3,7.17,1023,1021,957,1028,1.94,2.01,1.97,1.97,32.02,31.71,32.17,31.92,1.95,1.89,2.01,1.98
9/2/2022,25.95,26.06,25.75,25.51,7.16,7.27,7.31,7.24,973,968,936,1029,2,1.9,1.96,1.97,32.1,32.18,32.11,32,1.9,1.89,2.01,1.98
9/3/2022,25.1,24.9,26.11,25.81,7.18,7.34,7.3,7.24,1013,973,958,952,1.96,1.96,1.94,1.96,31.59,31.74,32.11,32.03,1.95,1.89,2.01,1.98
9/4/2022,26.12,25.84,25.58,25.07,7.15,7.27,7.31,7.17,1032,1002,872,1002,1.96,1.96,1.96,1.97,31.91,31.81,32.01,31.99,1.91,1.89,2.01,1.98
9/5/2022,25.41,25.79,25.88,25.24,7.16,7.23,7.31,7.17,1009,1011,864,1031,1.97,2.02,1.94,1.97,31.7,32.01,32.09,31.94,1.92,1.89,2.01,1.98
9/6/2022,25.46,26.02,25.42,25.06,7.28,7.19,7.31,7.15,1017,1007,840,1044,1.96,1.92,1.96,1.95,32.05,32.19,32.08,32.04,1.93,1.89,2.01,1.98
9/7/2022,25.09,25.77,25.8,25.66,7.21,7.31,7.31,7.15,1030,1003,918,958,1.93,1.93,1.96,1.97,31.88,31.73,32.14,32.05,1.94,1.89,2.01,1.98
9/8/2022,26.11,26,25.38,25.88,7.16,7.15,7.3,7.22,955,1056,862,968,1.92,2,1.95,1.96,31.87,32.11,32.03,31.98,1.9,1.89,2.01,1.98
9/9/2022,25.04,26.37,25.61,25.24,7.23,7.36,7.29,7.21,965,1034,920,991,1.95,1.98,1.94,1.95,31.85,32.01,32.03,31.89,1.96,1.89,2.01,1.98
9/10/2022,25.93,25.96,25.73,25.52,7.25,7.21,7.31,7.21,991,995,915,968,1.99,1.96,1.96,1.95,31.53,31.79,32.12,32.03,1.89,1.89,2.01,1.98
9/11/2022,26.09,25.89,25.69,25.47,7.18,7.3,7.31,7.18,995,999,871,987,1.95,1.91,1.97,1.97,31.87,32.18,32.05,31.91,1.89,1.89,2.01,1.98
9/12/2022,26.23,25.47,25.78,25.38,7.24,7.22,7.31,7.23,955,1017,982,991,1.96,1.94,1.96,1.96,31.92,32.02,32.12,32.06,1.89,1.89,2.01,1.98
9/13/2022,24.93,25.98,25.64,25.04,7.13,7.22,7.32,7.15,957,1047,843,1036,1.98,2.03,1.94,1.97,31.52,31.89,32.08,32.07,1.91,1.89,2.01,1.98
9/14/2022,25.75,25.55,25.49,25.17,7.29,7.26,7.31,7.19,954,978,992,970,1.98,2.01,1.96,1.96,32,32,32.04,31.91,1.9,1.89,2.01,1.98
9/15/2022,24.9,24.8,25.3,25,7.29,7.38,7.32,7.25,951,952,839,951,2,2.03,1.97,1.98,31.52,31.69,32,31.86,1.87,1.89,2.01,1.98
9/16/2022,24.28,24.4,24.85,24.96,7.43,7.56,7.36,7.34,956,956,895,970,2.06,2.04,1.97,1.98,30.79,30.46,30.79,30.65,1.62,1.75,1.72,1.89
9/17/2022,24.44,24.78,24.85,24.63,7.37,7.45,7.34,7.38,952,985,841,954,2.09,2.06,2,2,29.79,29.99,31.86,31.37,1.79,1.82,1.73,1.91
9/18/2022,24.47,24.42,24.99,24.94,7.3,7.48,7.33,7.26,957,967,906,959,2.06,2.07,1.98,2,29.8,31.68,31.81,31.65,1.61,1.79,1.69,1.97
9/19/2022,24.21,24.59,24.94,24.83,7.36,7.62,7.34,7.38,958,989,938,963,2.07,2.07,1.98,2,30.35,31.09,31.9,31.26,1.69,1.6,1.81,1.95
9/20/2022,24.21,24.78,25.09,24.83,7.37,7.47,7.35,7.35,957,982,905,965,2,2.08,2,2.05,30.18,30.47,30.58,31.18,1.65,1.78,1.9,1.89
9/21/2022,24.85,24.63,24.71,24.97,7.36,7.57,7.32,7.28,956,990,867,973,2.09,2.05,1.99,2.02,30.41,30.87,30.96,30.13,1.62,1.79,1.7,1.92
9/22/2022,24.55,24.79,25.3,24.62,7.31,7.39,7.33,7.37,957,970,891,961,2.05,2.08,1.98,2.02,31.07,31.68,31.76,30.69,1.73,1.77,2,1.92
9/23/2022,24.57,24.71,25.01,24.61,7.42,7.41,7.33,7.25,955,979,846,971,2.01,2.07,1.98,2.01,30.87,31.47,31.31,30.79,1.81,1.88,1.72,1.93
9/24/2022,24.71,24.77,25.09,24.82,7.42,7.61,7.33,7.26,957,952,899,961,2.09,2.07,2.01,2.03,30.8,30.71,30.79,31.07,1.65,1.82,1.76,1.97
9/25/2022,24.43,24.35,25.17,24.99,7.42,7.59,7.33,7.33,952,977,938,953,2.09,2.03,2.02,2,30.58,29.97,30.77,30.61,1.83,1.62,1.97,1.89
9/26/2022,24.61,24.58,24.85,24.74,7.4,7.51,7.35,7.32,958,959,848,961,2.04,2.04,1.97,2,30.18,31.56,30.71,30.17,1.78,1.86,1.7,1.89
9/27/2022,24.51,24.43,24.92,24.87,7.4,7.54,7.35,7.37,957,974,917,974,2.06,2.08,2,1.99,29.91,30.97,30.95,30.65,1.62,1.86,1.85,1.97
9/28/2022,24.78,24.36,24.86,24.64,7.33,7.52,7.34,7.35,951,984,851,967,2.01,2.08,2,1.99,30.8,30.73,31.72,31.38,1.64,1.64,1.95,1.9
9/29/2022,24.42,24.33,25.26,25,7.32,7.52,7.35,7.27,952,954,875,972,2.01,2.06,2.01,1.98,30.9,31.07,31.49,30.62,1.8,1.81,1.92,1.97
9/30/2022,24.2,24.3,24.7,24.5,7.45,7.69,7.36,7.39,958,992,945,976,2.1,2.09,2.03,2.05,29.75,29.96,30.27,30.1,1.55,1.59,1.68,1.88
10/1/2022,23.77,23.97,23.52,23.54,7.45,7.84,7.39,7.4,1062,1218,1022,1132,2.1,2.13,2.12,2.12,29.73,29.84,29.85,30.01,1.55,1.59,1.68,1.52
10/2/2022,24.18,23.97,24.25,24.41,7.48,7.73,7.48,7.5,1123,1189,1172,1218,2.14,2.1,2.11,2.11,29.75,29.62,30.05,29.99,1.6,1.59,1.66,1.78
10/3/2022,23.97,24.22,23.99,23.15,7.5,7.76,7.48,7.45,1091,1110,1117,999,2.11,2.14,2.06,2.06,29.64,29.96,29.71,30.09,1.61,1.59,1.62,1.51
10/4/2022,23.75,23.97,24.28,23.44,7.48,7.81,7.37,7.46,1068,1116,990,1023,2.11,2.13,2.04,2.18,29.67,29.59,29.94,29.52,1.57,1.59,1.67,1.54
10/5/2022,23.74,23.5,23.76,23.2,7.47,7.79,7.46,7.41,1088,1109,1199,1134,2.14,2.1,2.07,2.11,29.64,29.84,29.96,29.56,1.57,1.59,1.58,1.77
10/6/2022,23.93,23.6,24.6,24.13,7.47,7.75,7.47,7.4,1069,1122,1111,1039,2.13,2.15,2.04,2.13,29.71,29.92,30.15,29.98,1.61,1.59,1.62,1.53
10/7/2022,24.16,23.66,24.36,23.83,7.48,7.76,7.48,7.42,967,1219,1234,1230,2.14,2.18,2.1,2.14,29.69,29.65,29.67,29.62,1.6,1.59,1.61,1.81
10/8/2022,24.12,24.01,24.17,23.76,7.48,7.78,7.48,7.5,1010,1138,1220,1148,2.12,2.12,2.09,2.16,29.68,29.93,30.06,29.79,1.56,1.59,1.64,1.83
10/9/2022,24.13,23.21,24.69,23.82,7.51,7.77,7.4,7.43,1053,1290,1214,1079,2.13,2.15,2.07,2.16,29.71,29.54,29.63,30.01,1.61,1.59,1.67,1.67
10/10/2022,23.87,24.26,24.42,24.32,7.46,7.73,7.47,7.43,1050,1225,1173,1083,2.11,2.11,2.1,2.13,29.68,29.86,29.88,29.66,1.56,1.59,1.6,1.83
10/11/2022,23.85,24.19,23.7,23.8,7.5,7.72,7.36,7.51,1001,1061,1113,1039,2.13,2.12,2.1,2.07,29.73,29.88,29.74,29.89,1.57,1.59,1.58,1.71
10/12/2022,23.78,23.35,23.97,24.25,7.45,7.77,7.39,7.4,1117,1103,1122,1143,2.1,2.13,2.08,2.14,29.75,29.65,29.73,29.92,1.57,1.59,1.63,1.63
10/13/2022,24.07,24.09,23.59,24.41,7.5,7.78,7.46,7.46,1091,1255,1220,1148,2.14,2.13,2.08,2.06,29.65,29.62,30.19,29.97,1.62,1.59,1.66,1.5
10/14/2022,23.77,23.24,24.63,23.97,7.47,7.7,7.48,7.41,1041,1268,962,1081,2.11,2.11,2.12,2.06,29.67,29.61,29.96,29.72,1.6,1.59,1.57,1.86
10/15/2022,23.7,23.2,23.5,23.1,7.51,7.88,7.49,7.51,1128,1298,1234,1246,2.14,2.18,2.15,2.19,29.63,29.52,29.61,29.5,1.62,1.59,1.55,1.49
10/16/2022,23.15,22.83,23.08,22.95,7.51,7.9,7.52,7.52,1342,1444,1435,1327,2.14,2.19,2.2,2.19,29.54,29.32,29.47,29.13,1.46,1.32,1.36,1.3
10/17/2022,23.34,23.01,23.48,22.65,7.55,7.9,7.52,7.55,1314,1413,1246,1386,2.18,2.21,2.23,2.25,29.54,29.38,29.31,29.33,1.46,1.22,1.34,1.36
10/18/2022,23.15,23.12,23.1,22.68,7.54,7.9,7.55,7.53,1305,1357,1477,1396,2.18,2.18,2.23,2.27,29.57,29.14,29.22,29.06,1.38,1.28,1.29,1.31
10/19/2022,23.2,22.84,23.2,23.04,7.55,7.89,7.61,7.54,1200,1364,1393,1401,2.17,2.24,2.21,2.25,29.51,29.31,29.6,29.47,1.35,1.52,1.27,1.23
10/20/2022,23.15,23.04,23.36,22.99,7.53,7.9,7.51,7.54,1131,1335,1262,1254,2.15,2.2,2.21,2.23,29.55,29.23,29.42,29.33,1.56,1.22,1.39,1.28
10/21/2022,23.23,22.93,23.31,22.69,7.53,7.88,7.51,7.52,1182,1341,1367,1369,2.16,2.22,2.22,2.26,29.52,29.5,29.11,29.47,1.49,1.25,1.48,1.21
10/22/2022,23.7,22.91,23.14,23.07,7.56,7.89,7.62,7.51,1338,1334,1457,1304,2.19,2.19,2.16,2.2,29.6,29.47,29.37,29.04,1.47,1.4,1.3,1.21
10/23/2022,23.11,23.02,23.38,22.94,7.56,7.91,7.57,7.51,1347,1436,1498,1358,2.14,2.19,2.15,2.28,29.59,29.12,29.56,29.38,1.39,1.23,1.36,1.18
10/24/2022,23.61,22.98,23.34,22.6,7.53,7.88,7.54,7.53,1219,1377,1365,1385,2.17,2.21,2.19,2.22,29.57,29.26,29.39,29.12,1.53,1.52,1.55,1.26
10/25/2022,23.51,22.86,23.23,22.68,7.58,7.89,7.57,7.52,1209,1310,1472,1274,2.16,2.22,2.22,2.28,29.61,29.35,29.57,29.09,1.53,1.48,1.41,1.43
10/26/2022,23.62,23.07,23.16,23,7.57,7.9,7.56,7.52,1268,1397,1261,1402,2.16,2.22,2.21,2.19,29.61,29.34,29.61,29.27,1.32,1.39,1.25,1.48
10/27/2022,23.14,22.95,23.39,22.86,7.51,7.91,7.63,7.52,1317,1330,1305,1364,2.18,2.2,2.18,2.27,29.57,29.46,29.27,29.22,1.34,1.36,1.27,1.2
10/28/2022,23.29,23.09,23.33,22.65,7.53,7.91,7.53,7.54,1168,1411,1268,1365,2.14,2.21,2.21,2.25,29.61,29.32,29.4,29.01,1.4,1.48,1.39,1.28
10/29/2022,23.67,23.05,23.19,22.83,7.51,7.91,7.54,7.51,1188,1329,1245,1326,2.16,2.25,2.16,2.3,29.56,29.19,29.38,29.31,1.47,1.3,1.28,1.29
10/30/2022,23.1,22.8,23,22.6,7.59,7.92,7.63,7.55,1369,1447,1498,1416,2.19,2.25,2.24,2.3,29.5,29.07,29.1,29,1.28,1.21,1.23,1.15
10/31/2022,23.01,22.59,22.95,22.04,7.59,7.92,7.64,7.56,1406,1486,1590,1540,2.19,2.32,2.24,2.36,29.32,28.96,29.1,28.93,1.28,1.23,1.29,1.24
11/1/2022,22.77,22.77,22.8,22.11,7.59,7.93,7.63,7.55,1504,1557,1521,1454,2.3,2.36,2.26,2.37,29.35,28.94,29.06,28.36,1.22,1.21,1.24,1.23
11/2/2022,22.95,22.12,23,22.08,7.6,7.92,7.63,7.55,1449,1480,1570,1540,2.2,2.32,2.3,2.4,29.45,29.02,29.01,28.35,1.24,1.22,1.24,1.17
11/3/2022,23.02,22.51,22.82,22.26,7.59,7.92,7.64,7.55,1496,1567,1577,1443,2.24,2.33,2.25,2.36,29.25,28.82,29.02,28.78,1.19,1.22,1.34,1.21
11/4/2022,23.01,22.43,22.65,22.41,7.59,7.92,7.64,7.56,1487,1528,1595,1446,2.22,2.36,2.27,2.38,29.34,29,29,28.71,1.25,1.23,1.25,1.19
11/5/2022,22.7,22.41,22.63,22.28,7.6,7.92,7.63,7.56,1413,1528,1502,1446,2.22,2.25,2.29,2.37,29.26,28.81,29.04,28.57,1.27,1.22,1.3,1.21
11/6/2022,22.98,22.57,22.73,22.11,7.59,7.92,7.63,7.56,1448,1453,1507,1514,2.2,2.33,2.29,2.37,29.45,28.79,29.04,28.55,1.27,1.23,1.33,1.24
11/7/2022,22.84,22.24,22.54,22.41,7.59,7.92,7.64,7.56,1434,1571,1505,1551,2.23,2.31,2.32,2.34,29.19,28.89,29.09,28.5,1.27,1.22,1.33,1.2
11/8/2022,22.73,22.25,23,22.07,7.59,7.92,7.65,7.55,1438,1468,1577,1455,2.2,2.31,2.26,2.32,29.27,29.04,28.96,28.42,1.24,1.22,1.31,1.25
11/9/2022,22.69,22.23,22.94,22.46,7.59,7.92,7.63,7.56,1421,1500,1575,1501,2.22,2.31,2.29,2.32,29.22,29,29.05,28.92,1.27,1.22,1.28,1.27
11/10/2022,22.64,22.13,22.72,22.19,7.59,7.93,7.64,7.55,1385,1540,1576,1508,2.23,2.31,2.25,2.36,29.39,28.89,29.01,28.48,1.21,1.23,1.26,1.2
11/11/2022,23.01,22.79,22.66,22.4,7.6,7.92,7.63,7.55,1380,1510,1569,1427,2.2,2.34,2.3,2.4,29.41,28.91,29,28.88,1.21,1.23,1.3,1.2
11/12/2022,23.01,22.46,22.94,22.43,7.6,7.93,7.65,7.55,1496,1480,1617,1422,2.29,2.37,2.24,2.35,29.43,28.93,28.97,28.98,1.22,1.22,1.28,1.27
11/13/2022,22.8,22.31,22.62,22.1,7.59,7.93,7.64,7.56,1437,1543,1609,1486,2.27,2.36,2.24,2.31,29.37,28.85,29,28.55,1.26,1.22,1.24,1.17
11/14/2022,23.1,22.68,22.69,22.22,7.6,7.92,7.63,7.55,1470,1486,1546,1545,2.29,2.29,2.3,2.37,29.39,28.78,29.06,28.42,1.24,1.23,1.25,1.27
11/15/2022,22.6,22.1,22.4,22,7.6,7.93,7.65,7.56,1512,1579,1619,1570,2.3,2.39,2.33,2.41,29.18,28.76,28.95,28.33,1.18,1.23,1.34,1.27
11/16/2022,22.11,21.71,22.07,21.98,7.67,7.95,7.66,7.83,1603,1622,1618,1610,2.37,2.5,2.4,2.44,28.39,28.32,28.62,28.31,1.22,1.24,1.31,1.28
11/17/2022,22.56,21.93,22.16,21.89,7.63,7.94,7.67,7.85,1619,1581,1614,1574,2.3,2.43,2.37,2.49,29.08,28.45,28.42,28.25,1.2,1.24,1.2,1.29
11/18/2022,22.02,21.83,22.35,21.98,7.68,7.94,7.68,8.01,1523,1623,1614,1609,2.34,2.47,2.45,2.49,28.54,28.37,28.58,28.23,1.24,1.24,1.23,1.29
11/19/2022,22.28,22.1,22.17,21.92,7.66,7.94,7.67,7.93,1554,1671,1616,1681,2.38,2.43,2.42,2.47,28.96,28.24,28.94,28.29,1.18,1.24,1.24,1.27
11/20/2022,22.43,22.01,22.24,21.84,7.63,7.94,7.67,7.89,1573,1649,1614,1655,2.39,2.53,2.39,2.49,28.88,28.19,28.27,28.15,1.26,1.23,1.28,1.28
11/21/2022,22.45,22.03,22.24,21.95,7.62,7.95,7.67,8,1524,1582,1612,1606,2.3,2.43,2.48,2.46,28.83,28.63,28.83,28.17,1.27,1.24,1.3,1.29
11/22/2022,22.07,22.01,22.04,21.86,7.66,7.94,7.65,7.97,1534,1646,1618,1688,2.4,2.51,2.46,2.42,28.77,28.51,28.76,28.17,1.23,1.24,1.27,1.28
11/23/2022,22.23,22.01,22.34,21.9,7.63,7.95,7.67,7.8,1594,1600,1613,1686,2.38,2.49,2.34,2.42,28.57,28.2,28.25,28.16,1.26,1.23,1.23,1.28
11/24/2022,22.45,21.74,22.09,21.87,7.64,7.94,7.66,7.57,1608,1644,1617,1676,2.4,2.39,2.33,2.43,28.32,28.37,28.84,28.31,1.23,1.26,1.31,1.29
11/25/2022,22.27,21.99,22.26,21.83,7.69,7.95,7.67,8.11,1603,1671,1614,1690,2.36,2.45,2.33,2.49,28.98,28.59,28.77,28.23,1.23,1.25,1.26,1.28
11/26/2022,22.45,21.96,22.07,21.84,7.61,7.94,7.67,7.97,1521,1657,1617,1656,2.38,2.46,2.46,2.48,28.49,28.62,28.54,28.2,1.25,1.24,1.29,1.28
11/27/2022,22.14,21.9,22.29,21.86,7.63,7.94,7.67,7.9,1544,1617,1618,1654,2.39,2.4,2.36,2.48,28.82,28.41,28.61,28.2,1.26,1.24,1.18,1.28
11/28/2022,22.54,21.99,22.21,21.91,7.62,7.93,7.65,7.68,1525,1673,1618,1580,2.33,2.4,2.43,2.46,28.55,28.33,28.37,28.16,1.2,1.23,1.26,1.27
11/29/2022,22.57,22,21.94,21.82,7.62,7.93,7.65,7.93,1524,1618,1617,1621,2.39,2.51,2.42,2.47,28.73,28.34,28.26,28.29,1.2,1.25,1.28,1.27
11/30/2022,22,21.7,21.9,21.8,7.69,7.95,7.68,8.11,1627,1676,1610,1690,2.41,2.53,2.49,2.5,28.3,28,28.17,28.14,1.27,1.26,1.17,1.29
12/1/2022,21.8,21.59,21.43,21.67,7.7,8.06,7.73,8.12,1643,1679,1637,1701,2.43,2.58,2.5,2.5,28.22,27.65,27.92,28.08,1.3,1.27,1.2,1.33
12/2/2022,21.92,21.25,21.38,21.62,7.71,8.04,7.83,8.12,1638,1680,1630,1698,2.42,2.54,2.52,2.54,27.93,27.99,27.77,27.92,1.31,1.29,1.19,1.32
12/3/2022,21.86,21.49,21.54,21.58,7.7,8.07,7.79,8.13,1645,1687,1646,1696,2.44,2.53,2.51,2.52,27.84,27.62,27.79,27.77,1.31,1.29,1.23,1.29
12/4/2022,21.93,21.63,21.74,21.55,7.74,8.08,7.89,8.14,1635,1677,1643,1691,2.42,2.56,2.51,2.54,27.92,27.71,27.82,28.05,1.29,1.27,1.19,1.33
12/5/2022,21.98,21.34,21.61,21.55,7.74,8,7.76,8.14,1631,1678,1647,1704,2.41,2.57,2.51,2.53,28.24,27.66,27.75,27.75,1.29,1.28,1.21,1.31
12/6/2022,21.85,21.45,21.42,21.55,7.74,8.1,7.87,8.13,1639,1679,1649,1697,2.43,2.54,2.51,2.54,28.3,27.54,27.81,28.13,1.31,1.29,1.18,1.29
12/7/2022,21.91,21.65,21.74,21.7,7.7,8.03,7.81,8.12,1634,1681,1616,1702,2.43,2.58,2.5,2.5,28.17,27.75,28.1,27.75,1.28,1.27,1.17,1.34
12/8/2022,21.99,21.4,21.56,21.55,7.7,8.04,7.77,8.12,1650,1683,1625,1701,2.44,2.56,2.52,2.52,28.13,27.86,27.99,27.86,1.31,1.26,1.2,1.32
12/9/2022,21.63,21.27,21.3,21.53,7.72,7.98,7.79,8.12,1647,1687,1639,1704,2.42,2.57,2.49,2.53,27.9,27.61,28,27.72,1.29,1.3,1.19,1.29
12/10/2022,21.7,21.44,21.1,21.58,7.71,7.98,7.71,8.15,1642,1677,1612,1704,2.45,2.54,2.51,2.53,27.9,27.56,27.83,27.9,1.28,1.28,1.18,1.31
12/11/2022,21.86,21.31,21.52,21.79,7.72,7.97,7.78,8.15,1640,1688,1612,1699,2.42,2.54,2.51,2.54,28.19,27.73,28.14,28.11,1.29,1.29,1.19,1.33
12/12/2022,21.67,21.42,21.25,21.79,7.74,8.07,7.85,8.14,1650,1689,1646,1691,2.43,2.57,2.49,2.5,28.12,27.75,28.02,28.06,1.31,1.27,1.2,1.3
12/13/2022,21.66,21.48,21.82,21.57,7.72,8.09,7.71,8.14,1645,1687,1616,1705,2.43,2.55,2.5,2.51,27.89,27.73,27.84,27.98,1.27,1.27,1.23,1.31
12/14/2022,21.75,21.51,21.69,21.75,7.72,8.02,7.81,8.12,1636,1689,1637,1704,2.44,2.56,2.5,2.55,28.24,27.8,27.78,27.92,1.29,1.28,1.22,1.32